{
  "ZINC": {
    "MW": [
      229.22915,
      440.9976000000001
    ],
    "logP": [
      -0.11592499999999811,
      4.5391720000000015
    ],
    "RotB": [
      2.0,
      7.0
    ],
    "QED": [
      0.4588355557366196,
      0.9077062199335221
    ]
  },
  "ChEMBL": {
    "MW": [
      239.27400000000003,
      691.9226999999995
    ],
    "logP": [
      0.03758500000000015,
      6.524607000000002
    ],
    "RotB": [
      1.0,
      14.0
    ],
    "QED": [
      0.11916973699601503,
      0.8666475000405653
    ]
  },
  "Combined": {
    "MW": [
      233.27099999999996,
      576.6120000000002
    ],
    "logP": [
      -0.06511950000000005,
      5.734165000000002
    ],
    "RotB": [
      2.0,
      10.0
    ],
    "QED": [
      0.20835959889692882,
      0.8963360690370461
    ]
  }
}