{
  "ZINC": {
    "loose": {
      "MW": [
        229.22915,
        440.9976000000001
      ],
      "logP": [
        -0.11592499999999811,
        4.5391720000000015
      ],
      "RotB": [
        2.0,
        7.0
      ],
      "QED": [
        0.4588355557366196,
        0.9077062199335221
      ]
    },
    "tight": {
      "MW": [
        290.4750000000001,
        368.4580000000002
      ],
      "logP": [
        1.5757000000000003,
        3.4855700000000014
      ],
      "RotB": [
        3.0,
        6.0
      ],
      "QED": [
        0.6492158794311867,
        0.8387998032967348
      ]
    },
    "ultra_tight": {
      "MW": [
        318.3930000000001,
        347.4590000000001
      ],
      "logP": [
        2.236616,
        2.9509000000000016
      ],
      "RotB": [
        4.0,
        5.0
      ],
      "QED": [
        0.7243766827757031,
        0.7938549137761569
      ]
    }
  },
  "ChEMBL": {
    "loose": {
      "MW": [
        239.27400000000003,
        691.9226999999995
      ],
      "logP": [
        0.03758500000000015,
        6.524607000000002
      ],
      "RotB": [
        1.0,
        14.0
      ],
      "QED": [
        0.11916973699601503,
        0.8666475000405653
      ]
    },
    "tight": {
      "MW": [
        326.3960000000001,
        475.38700000000017
      ],
      "logP": [
        2.29716,
        4.595450000000003
      ],
      "RotB": [
        3.0,
        7.0
      ],
      "QED": [
        0.36593205512036997,
        0.7201956142483251
      ]
    },
    "ultra_tight": {
      "MW": [
        366.8010000000001,
        423.3768000000001
      ],
      "logP": [
        3.0166600000000017,
        3.866200000000002
      ],
      "RotB": [
        4.0,
        6.0
      ],
      "QED": [
        0.48026054850724015,
        0.6183065677149444
      ]
    }
  },
  "Combined": {
    "loose": {
      "MW": [
        233.27099999999996,
        576.6120000000002
      ],
      "logP": [
        -0.06511950000000005,
        5.734165000000002
      ],
      "RotB": [
        2.0,
        10.0
      ],
      "QED": [
        0.20835959889692882,
        0.8963360690370461
      ]
    },
    "tight": {
      "MW": [
        304.32300000000004,
        418.54100000000017
      ],
      "logP": [
        1.8848,
        3.9966250000000025
      ],
      "RotB": [
        3.0,
        6.0
      ],
      "QED": [
        0.49939904349745046,
        0.8024084026341414
      ]
    },
    "ultra_tight": {
      "MW": [
        335.79100000000005,
        372.49300000000017
      ],
      "logP": [
        2.579500000000001,
        3.359800000000001
      ],
      "RotB": [
        4.0,
        5.0
      ],
      "QED": [
        0.6205648829938452,
        0.7363797436443621
      ]
    }
  }
}