{
  "MW": [
    229.28300000000002,
    441.3652
  ],
  "logP": [
    -0.12599999999999822,
    4.538343000000003
  ],
  "RotB": [
    2.0,
    7.0
  ],
  "HBD": [
    0.0,
    3.0
  ],
  "HBA": [
    1.0,
    7.0
  ],
  "TPSA": [
    29.080000000000002,
    104.1304999999999
  ],
  "QED": [
    0.459545829917113,
    0.9074411356416935
  ]
}