Valid %,Distinct %,Adherence %,QED,Prompt,Model,Temperature
100.0,100.0,8.6,0.09255702140652142,aromatic_core,ChemGPT-4.7M,1.0
100.0,100.0,9.4,0.10362778979976524,amino_aliphatic,ChemGPT-4.7M,1.0
100.0,100.0,8.5,0.10979531368518707,polar_ether,ChemGPT-4.7M,1.0
100.0,0.1,0.0,0.35500761339323195,carbonyl_anchor,ChemGPT-4.7M,1.0
100.0,100.0,8.7,0.09194806142585461,heterocycle_friendly,ChemGPT-4.7M,1.0
100.0,100.0,9.1,0.10778063423618119,sulfur_phosphorus,ChemGPT-4.7M,1.0
100.0,100.0,2.3,0.07734946810610446,extended_polar,ChemGPT-4.7M,1.0
100.0,100.0,8.6,0.11236398759713628,fallback_generic,ChemGPT-4.7M,1.0
