Valid %,Distinct %,Adherence %,QED,Prompt,Model,Temperature
100.0,100.0,82.25806451612904,0.36417063679953243,lipinski,GPT2-Zinc-87M+SMC,1.0
100.0,100.0,72.3076923076923,0.36010439571656994,lipinski,GPT2-Zinc-87M+SMC,0.7
100.0,100.0,0.0,0.37523818821343,mw_logp_rotb,GPT2-Zinc-87M+SMC,1.0
100.0,100.0,0.0,0.3877360777936893,mw_logp_rotb,GPT2-Zinc-87M+SMC,0.7
100.0,100.0,0.0,0.35058035860941017,tpsa_fsp3,GPT2-Zinc-87M+SMC,1.0
100.0,100.0,0.0,0.39743283596828793,tpsa_fsp3,GPT2-Zinc-87M+SMC,0.7
100.0,100.0,0.0,0.3750364482877074,druglike_qed,GPT2-Zinc-87M+SMC,1.0
100.0,100.0,0.0,0.366128527870315,druglike_qed,GPT2-Zinc-87M+SMC,0.7
