Model,Adherence %,Valid %,Distinct %,Diversity
GPT2-Zinc-87M,22.466666666666665,69.1,20.133333333333333,0.8738989016354528
GPT2-Zinc-87M+SMC,49.21259842519685,100.0,99.50787401574803,0.9099733516784293
SmileyLlama-8B,41.43333333333333,100.0,97.68333333333334,0.8831834361882891
