Model,Temperature,Adherence %,Valid %,Distinct %,Diversity
GPT2-Zinc-87M,1.0,100.0,100.0,77.78541953232462,0.8637599356135607
GPT2-Zinc-87M+SMC,0.7,29.550102249488752,100.0,99.2842535787321,0.8879507310110737
SmileyLlama-8B,1.0,11.433333333333334,100.0,96.06666666666666,0.8690014898913933
