Model,Adherence %,Valid %,Distinct %,Diversity,QED
GPT2-Zinc-87M,22.466666666666665,69.1,20.133333333333333,0.8738989016354528,0.7173939186173632
GPT2-Zinc-87M+SMC,58.835341365461844,100.0,99.09638554216868,0.9117408584165604,0.6206671126448671
SmileyLlama-8B,43.25,100.0,98.03333333333333,0.8841825052944836,0.5094185776554419
