Model,Adherence %,Valid %,Distinct %,Diversity
GPT2-Zinc-87M,22.466666666666665,69.1,20.133333333333333,0.8738989016354528
GPT2-Zinc-87M+SMC,30.3422756706753,100.0,99.90749306197965,0.8944292333900219
SmileyLlama-8B,24.666666666666668,100.0,99.03333333333333,0.862965898830795
