Model,Adherence %,Valid %,Distinct %,Diversity,QED
GPT2-Zinc-87M,22.466666666666665,69.1,20.133333333333333,0.8738989016354528,0.7173939186173632
GPT2-Zinc-87M+SMC,55.297397769516735,100.0,99.62825278810409,0.9132656822309188,0.6228007403023621
SmileyLlama-8B,43.25,100.0,98.03333333333333,0.8841825052944836,0.5094185776554419
